compound_ID,% sigma2 binding at 1 uM,% sigma1 binding at 1 uM,sigma2 pKi,sigma1 pKi,SMILES,DOCK score
ZINC000450573233,3.57,33.63,8.37,6.89,C[C@@H](c1ccccc1)[C@@H](O)CN1CCC(c2c[nH]c3ncccc23)CC1,-57.25
ZINC000895657866,2.97,73.04,7.67,6.0,CC(C)(NCc1ccc2c(c1)OCCO2)[C@H](O)c1ccccc1,-55.35
ZINC001170548029,8.4,78.46,7.65,6.14,Fc1ccccc1[C@H]1CCN(CC#Cc2cccc(Cl)c2)C1,-57.11
ZINC000533478938,2.66,70.62,7.46,5.83,C[C@@H](C(=O)N(C)Cc1cccc(F)c1)N1CC=C(c2c[nH]c3ncccc23)CC1,-55.38
ZINC000921927365,12.54,68.85,7.17,5.93,O[C@@]1(CNCc2cccc3c2OCC3)CCc2ccccc21,-59.01
ZINC000548355486,0.36,1.05,8.62,8.31,CC1CCC(O)(CN2CC(Cc3ccc(F)c(F)c3)C2)CC1,-56.68
ZINC000348332392,5.16,-0.82,7.47,8.54,Cc1ccc([C@H]2CCN(CC3(O)CCC3)C2)c(C)c1,-59.07
ZINC001254761628,1.13,11.38,8.33,7.28,O[C@@H](COCc1ccccc1F)CN1CC(Cc2ccccc2C(F)(F)F)C1,-55.58
ZINC000544117725,0.0,5.01,8.0,7.79,Cc1ccc(CCC2CCN(C(=O)CN3C[C@@H]4CC[C@@H](O)[C@H]4C3)CC2)cc1,-57.53
ZINC000170908795,0.89,4.78,8.17,7.49,N/C(=N\Cc1ccc(F)cc1Br)NCC1CCC1,-55.84
ZINC000656714762,9.29,-0.17,7.17,8.34,Cc1ccc(CC2CN(CC3(O)CCSCC3)C2)cc1,-58.68
ZINC001237901728,4.52,-0.76,7.57,8.8,Fc1c(Cl)c(Br)ccc1CN1CCN(C[C@@H]2CCCO2)CC1,-56.03
ZINC001460312963,8.03,-0.74,8.28,8.77,CC[C@@H](CO)N1CCC(CCc2ccc(F)cc2F)CC1,-55.99
ZINC000188287346,0.94,8.11,,,C[C@H](Cn1ncc2ccccc2c1=O)N[C@H]1CC[C@H](Cc2ccccc2)C1,-59.56
ZINC000657922756,1.69,23.19,,,C[C@@H](Cc1ccc2c(c1)CCCC2)N[C@H]1CCN(C2CCOCC2)C1=O,-55.26
ZINC001308961074,2.44,2.97,,,FC(F)(F)c1ccnc([C@H]2CCN(CCCc3ccc4c(c3)CCO4)C2)n1,-56.76
ZINC000792998860,3.79,34.15,,,O=[N+]([O-])c1cccc([C@H](O)CN2CC(Cc3cccc(C(F)(F)F)c3)C2)c1,-56.66
ZINC000433044150,4.98,4.37,,,CCc1ccc([C@@H]2CCN(Cc3cc(=O)n4c(C)cccc4n3)C2)cc1,-57.6
ZINC000897616680,5.15,3.53,,,FC(F)(F)c1ccnc([C@H]2CCN(C[C@@H]3C[C@H]3c3ccccc3)C2)n1,-57.17
ZINC000374368469,5.76,9.02,,,Cc1cc(C)cc(NC(=O)[C@H](C)N2CC[C@@H](C3CCOCC3)C2)c1,-55.43
ZINC000262856881,6.4,5.61,,,C=C(C)CN/C(N)=N/[C@H]1C[C@H](c2cccc(F)c2)C1,-55.59
ZINC000430988927,7.48,3.51,,,O=C(C[C@@H]1CCCN1CCOc1cccc([N+](=O)[O-])c1)c1cccs1,-57.1
ZINC000269280100,11.12,41.14,,,N/C(=N\Cc1cccc2c1OCCCO2)NC1CCCC1,-56.02
ZINC000353995714,13.19,7.28,,,Cc1cc(CN2CC[C@H]2Cc2ccccc2)ccc1-n1cncn1,-55.27
ZINC000657934399,13.25,9.04,,,C[C@H](Cn1ncc2ccccc2c1=O)N[C@@H](C)Cc1ccc2c(c1)CCCC2,-65.05
ZINC001168222793,13.69,18.24,,,Cc1cc(C)cc(C2=CCN(CCC(=O)N3CCc4ccccc43)CC2)c1,-55.24
ZINC000507809396,13.97,-0.12,,,CC[C@H]1CN(Cc2ccc(-c3ccccc3)cc2F)C[C@H]1O,-55.47
ZINC000398583627,14.57,22.41,,,COc1ccc2cc(CN[C@](C)(CO)C(C)C)ccc2c1,-55.24
ZINC000549824186,19.96,0.65,,,FC(F)(F)c1cccc([C@@]2(F)CCN(C[C@@H]3CCSC3)C2)c1,-58.09
ZINC000886836194,24.15,,,,Cc1cc(C(=O)CN2CC[C@@H]([C@H]3CCCO3)C2)c(C)n1C1CC1,-56.02
ZINC000453142034,24.91,,,,C[C@H](CCCc1cccnc1)N[C@@H](C)Cn1cccn1,-55.65
ZINC000925887162,27.38,,,,CCn1ncc2c1CCC[C@@H]2N[C@@H](C)Cc1ccccn1,-55.72
ZINC000933438523,28.12,,,,Cc1csc2nc(CN[C@](C)(CO)Cc3ccc(F)cc3)cc(=O)n12,-55.9
ZINC000249076038,30.51,,,,O[C@]1(CN[C@@H]2CC[C@@H](Cc3ccccc3)C2)CCSC1,-57.79
ZINC000621267824,33.43,,,,CC(C)(CO)N1CCN(c2nc3c(cccc3Br)s2)CC1,-58.94
ZINC000934332177,33.98,,,,O[C@H](CN1CC[C@@H](Cc2nccs2)C1)c1c(F)cccc1F,-57.44
ZINC000567338231,34.7,,,,Cc1csc2nc(CN[C@H]3C[C@H](OCc4ccccc4)C3(C)C)cc(=O)n12,-55.65
ZINC000894101819,34.99,,,,CC[C@@H](C)N1CCN(c2nc(N)nc(C(F)(F)C(F)(F)F)n2)CC1,-58.11
ZINC000452107481,36.91,,,,CC(C)N1CC[C@@H](N(C)S(=O)(=O)c2c(F)c(F)cc(F)c2F)C1,-55.25
ZINC000452023252,37.52,,,,O=C([C@@H]1C[C@H]1C(F)(F)F)N(CCN1CCCCCC1)C1CCC1,-56.36
ZINC000801571276,37.56,,,,O[C@H](CN[C@@H]1CCc2ccccc2OC1)COc1c(Cl)cccc1Cl,-55.91
ZINC000448446275,38.7,,,,CCC(CC)n1ccc(CN2CC=C(c3ccc(O)cc3)CC2)n1,-57.11
ZINC000846106280,43.58,,,,Fc1ccc(C2OCCO2)c(Cl)c1CNC1CC2(CCC2)C1,-56.59
ZINC000262658947,45.42,,,,COc1ccc(Br)cc1C/N=C1/NC[C@@H](C)N1,-57.72
ZINC000924470947,45.46,,,,CC(C)(CN1C(=O)N2CCC[C@@H]3C[C@@]32C1=O)N1CCc2ccccc2C1,-57.35
ZINC000595632104,45.67,,,,N#Cc1sccc1N1CCN(CCCCCn2cccn2)CC1,-56.68
ZINC000472356611,45.93,,,,C[C@@H]1[C@H](Cc2ccccc2)CCN1Cc1cc(=O)n2cc(Cl)ccc2n1,-57.36
ZINC000574654702,48.43,,,,CCc1nc2cc(CN[C@@H](C)CC(=O)N3CCCCCC3)ccc2n1C1CC1,-55.62
ZINC000656508398,55.94,,,,OC[C@]1(CNC2=NCCCN2)CCc2ccccc21,-57.2
ZINC000296612417,59.24,,,,C[C@H](COc1ccc(Cl)c(Cl)c1)N[C@@H](C)Cn1cncn1,-56.76
ZINC000336580930,60.93,,,,O=C1NCCC[C@@H]1N1CC[C@@H](c2cccc(Cl)c2)C1,-55.27
ZINC000176995469,61.44,,,,C[C@H](c1ccccn1)N1CC=C(c2ccc(O)cc2)CC1,-55.9
ZINC000571080072,64.01,,,,C[C@H](C(=O)NCc1ccc(Cl)cc1)N1CC[C@@H](c2cccnc2)C1,-60.05
ZINC000133991118,65.39,,,,C[C@@H](Cn1cc(Br)cn1)NCCOc1ccc2c(c1)OCO2,-55.24
ZINC000473272986,66.54,,,,COc1ccnc(N2CCN([C@H](C)CCSc3ccccc3)CC2)n1,-56.23
ZINC000247015101,72.96,,,,O=C1[C@H](N2C[C@@H]3CCC[C@H]3C2)CCN1c1ccccc1Cl,-57.45
ZINC000131571127,76.6,,,,C[C@H](Cn1cc(Br)cn1)NCc1cn2cc(Cl)ccc2n1,-55.18
ZINC000407281203,80.82,,,,CCc1cc(NC(=O)[C@@H]2CC[C@H](C3CC3)N2)ccc1C,-56.29
ZINC000528002641,84.01,,,,C[C@@H](N[C@H]1Cc2ccccc2NC1=O)[C@@H]1C[C@H]1c1ccc(Cl)s1,-55.42
ZINC000248559983,87.36,,,,CN(C[C@@H](O)CCc1ccccc1)[C@H]1CCN(c2ccccc2F)C1=O,-56.91
ZINC000093013680,89.57,,,,c1sc(CN2CCC3(C2)OCCO3)cc1-c1ccccc1,-55.88
ZINC000769519341,91.7,,,,C[C@H](CCN1C(=O)c2ccccc2C1=O)NC[C@@H](O)c1c(F)cccc1F,-55.28
ZINC000911907143,93.12,,,,Cc1ccc(NC(=O)C23CCC(CC2)N3)cc1[N+](=O)[O-],-56.14
ZINC000893277758,95.13,,,,Cc1cccc2sc(N3CCN(CCO)[C@H](C)C3)nc21,-55.3
ZINC000892713700,99.47,,,,CC[C@H](CO)N1CCN(c2cc(Cl)c3cnn(C)c3n2)CC1,-57.1
ZINC000435004139,99.61,,,,CN(C(=O)CN1CCC(c2cnc[nH]2)CC1)C(c1ccccc1)c1ccccc1,-55.91
ZINC000659267272,101.04,,,,CCOc1cc2c(cc1NC(=O)C[C@@H]1NCc3ccccc31)O[C@@H](C)C2,-56.47
ZINC000820594289,103.85,,,,C[C@H]1[C@H](N(C)C)CCN1c1snc(Cl)c1C#N,-55.6
ZINC000665143541,108.24,,,,CN(C)Cc1ccc(-c2cscc2CCO)cc1F,-55.34
ZINC000777733869,108.38,,,,O=C1NCCC[C@@H]1N1CC[C@@](O)(c2ccc(F)cc2)C1,-57.03
ZINC000369205980,111.83,,,,N#CC1(c2ccccn2)CCN([C@@H]2Cc3ccccc3[C@@H]2O)CC1,-55.59
ZINC000287374567,113.54,,,,O[C@H]1c2ccccc2C[C@H]1N1Cc2cccc(Cl)c2C1,-55.63
ZINC000681377109,113.85,,,,Fc1cc(Br)cnc1N1CCN(CCc2cccs2)CC1,-55.51
ZINC001525937517,116.95,,,,O=C(OC[C@@H]1CCN1Cc1ccccc1)c1nccc2occc21,-57.41
ZINC000550829396,19.57,28.57,,,Cn1nccc1[C@@H]1CCC[C@@H](N[C@H]2CC3CCC2CC3)C1,-19.0
ZINC000182842742,36.12,66.66,,,Cc1ccc([N+](=O)[O-])cc1[C@H](C)N1C[C@H]2CCC[C@@H]2C1,-33.47
ZINC000658086473,42.31,54.92,,,COc1ccc([C@@H](C)N[C@H](CO)C2CCC2)cc1Br,-42.01
ZINC000635049325,53.2,3.45,,,O=C(Nc1cscc1Cl)C(=O)N[C@@H]1CCN(CC2CC2)C1,-40.64
ZINC000389015736,54.11,65.53,,,C[C@H](N[C@@H]1CCCc2c3ccccc3[nH]c21)[C@H]1CCCOC1,-19.08
ZINC001195393353,54.46,24.0,,,COc1ccc2c(c1)C[C@H](CN1CCCC[C@H]1CCC(=O)OC(C)(C)C)O2,-29.56
ZINC000582751592,72.38,70.73,,,O[C@@H]1CC[C@@H]2CN(Cc3cccc4c[nH]nc43)C[C@H]12,-44.91
ZINC001420054689,78.46,54.56,,,COCC1(C(=O)N2CCC[C@@H](N(C)CC[C@H](C)F)C2)CC1,-34.38
ZINC000649929688,96.45,71.46,,,O=C(CN1CCC[C@@H]1[C@@H]1CCC[C@H]1O)N1CCOC[C@H]1C1CC1,-34.1
ZINC000245533477,98.49,70.83,,,CC[C@H](C)CNC[C@H]1CCC[C@H]1NS(C)(=O)=O,-21.78
ZINC000341348768,103.41,80.74,,,Cc1cnc(CN[C@@H](CO)CCC(C)(C)C)n1C,-35.78
ZINC001078073018,111.24,83.43,,,C[C@@H](CCNC(=O)C1(CN(C)C)CC1)NC(=O)c1ncccc1O,-27.42
ZINC000948091407,112.16,88.93,,,CCN1CC[C@@H](NC(=O)c2ccnc(-n3cncn3)c2)C[C@@H]1C,-44.72
ZINC000996610565,113.95,99.6,,,CC(C)NC1CCN(C(=O)Cn2cnc(C(N)=O)n2)CC1,-28.98
ZINC000853031922,115.32,33.31,,,Fc1ccc(NC(=S)NC2CCN([C@H]3CCOC3)CC2)cc1,-38.74
ZINC001035320653,118.83,21.58,,,CCc1ocnc1C(=O)NC[C@H]1CN(C[C@@H](C)CC)CCO1,-11.33
ZINC000369129048,119.82,94.93,,,Cn1cc(-c2ncc(CN(CC3CC3)C[C@H]3CN(C)CCO3)cn2)cn1,-26.35
ZINC000416873685,126.95,90.72,,,C[C@H](N)[C@@H]1CCCCN1C(=O)NCc1cn2ccccc2n1,-23.24
ZINC000906421824,127.3,86.58,,,C[C@@H]1CN(C(=O)C2CN(C)CCN(C)C2)CC(C)(C)O1,-17.77
ZINC000661577595,6.41,,8.76,,C(CN1CC[C@@H](C2CCCCC2)C1)C1CCOCC1,-52.5
ZINC000440321606,11.9,,8.38,,CCOC(=O)[C@@H](CC)N1CCN(C2CCC(C(C)C)CC2)CC1,-61.12
ZINC000878406056,11.78,,8.12,,CC(C)(C)[C@@H]1CCN(C[C@@H](O)CC2(O)CCCCC2)C1,-59.57
ZINC001460371878,10.91,,8.1,,O[C@@H](CN1CC[C@@H](C2CCCCC2)C1)CC1(O)CCCCC1,-63.3
ZINC000409447221,9.73,,8.05,,CC(C)(C)[C@@H]1CCN(C[C@@H](O)COCc2ccccc2F)C1,-55.0
ZINC000559413424,11.89,,7.98,,Cc1cccc(C)c1OC[C@H](O)CN1CC[C@@H](CC2CC2)C1,-59.4
ZINC000191344346,8.71,,7.93,,O=C(CC1CCCC1)NC1CCN(C[C@H](O)C2CCCCC2)CC1,-52.5
ZINC000480785335,9.76,,7.89,,CN(C[C@]1(O)CCN(Cc2ccccc2)C1)C(=O)c1ccc(F)c2ccccc12,-52.5
ZINC001376084945,9.72,,7.87,,C[C@H](C(=O)NC[C@]1(O)CCN(CCC2CCCC2)C1)c1ccccc1,-55.0
ZINC000605902355,11.51,,7.86,,O[C@@H](COCc1ccccc1Cl)CN1CC[C@H](Cc2ccc(F)cc2)C1,-61.39
ZINC000872109019,11.62,,7.83,,c1ccc(N2CCC(NC[C@@H]3C[C@H]4CCC[C@@H]4O3)CC2)cc1,-55.0
ZINC000131303503,10.65,,7.83,,CC(C)c1ccc(NC(=O)C(=O)NC2CCC(N3CCC(C)CC3)CC2)cc1,-55.0
ZINC000960887654,12.94,,7.74,,CCc1nnsc1C(=O)N[C@@H]1[C@H]2CN(CC3CCCCCC3)C[C@H]21,-47.5
ZINC000301801549,6.92,,7.71,,c1ccc(CSc2cncc(N3CCC[C@H](N4CCCC4)CC3)n2)cc1,-59.57
ZINC000941634458,12.67,,7.69,,C[C@@H](C(=O)N1CCN(C2CN(CC3CC(C)C3)C2)CC1)C1CCCC1,-50.0
ZINC000481989921,11.74,,7.67,,Cc1cc2[nH]c(CN3CCC[C@H](N4CCCC4)CC3)cc2c(C)c1,-52.5
ZINC000878084395,27.68,,,,O[C@@H](CN1CC[C@@H](c2ccccc2F)C1)CC1(O)CCCCC1,-61.07
ZINC000849049798,8.7,,,,C[C@H]1CN/C(=N/CCCc2c(Cl)cccc2Cl)N1,-61.21
ZINC000076836015,60.46,,,,c1ccc2c(c1)nc(-c1cccnc1)nc2N1CCC[C@H](N2CCCC2)C1,-61.05
ZINC000766031584,63.22,,,,Cc1ccc2c(c1)CC[C@H]2N[C@@H](CO)Cc1ccccc1,-61.44
ZINC000684607185,17.34,,,,CC(C)C1CN(C[C@@H](O)COC(c2ccccc2)c2ccccc2)C1,-62.4
ZINC000683721842,99.84,,,,Clc1ccccc1Cn1cc(CNc2nc3ccccc3[nH]2)cn1,-61.32
ZINC000676461131,63.85,,,,Clc1ccccc1Cn1cc(CN2CCC[C@@H]2c2ccc[nH]2)cn1,-62.78
ZINC000668631550,58.39,,,,Cc1ccccc1-n1cc(CN2CCC[C@@H]([C@H]3CCCCO3)C2)nn1,-62.67
ZINC000662335416,121.48,,,,O=C(CN1CC2CC1(c1ccccc1)C2)NC[C@@H]1CCCO1,-60.95
ZINC000656499190,71.52,,,,Cc1cc(F)c(CN[C@@H]2CCN(c3ccccc3C(N)=O)C2)c(Cl)c1,-62.15
ZINC000617924178,125.55,,,,CCN(C(=O)c1cccc(C(F)(F)F)n1)[C@H]1CCN(CC)C1,-62.67
ZINC000609803478,49.81,,,,COC(=O)[C@H](NCC(C)(C)N1CCc2ccccc2C1)c1ccccc1,-63.53
ZINC000595790972,96.11,,,,Cc1cc([N+](=O)[O-])ccc1NC(=O)CN1CCC[C@@H]([C@@H]2CCCCO2)C1,-62.44
ZINC000577603040,61.67,,,,C[C@H](Cc1ccccc1Br)NCC1(O)CCC1,-60.89
ZINC000518003593,79.76,,,,Cc1ccccc1[C@H](OC[C@H](O)CN1Cc2ccccc2C1)c1ccccc1,-61.42
ZINC000512182007,31.65,,,,C[C@H]1C[C@H](N2CCCC2)CN1CC(=O)N(Cc1ccccc1)c1ccccc1,-62.09
ZINC000508475661,38.6,,,,Cc1cccc(CNc2nccn2Cc2ccccc2)c1C,-60.93
ZINC000464767692,73.84,,,,CCN(CC)[C@H]1CCN(CC(=O)N[C@H](c2cccs2)c2ccccc2)C1,-60.81
ZINC000451319844,62.98,,,,CS[C@@H]1CCN(C[C@@H](O)COC(c2ccc(F)cc2)c2ccc(F)cc2)C1,-61.11
ZINC000430847713,67.32,,,,CCCN1C(=O)N(CC(C)(C)N2CCc3ccccc3C2)C(=O)[C@H]1CC,-61.93
ZINC000429522320,60.08,,,,O[C@@H](CN[C@@H](Cc1ccccc1F)c1ccccc1)CN1CCCC1,-61.11
ZINC000426471156,36.26,,,,O[C@H](COC(c1ccccc1)c1ccccc1)CN1CC[C@@H]2CCC[C@H]21,-61.11
ZINC000421710406,81.83,,,,CC(C)Sc1ccc([N+](=O)[O-])cc1C(=O)N(C)C[C@H]1CCCN1C,-60.85
ZINC000421710394,94.56,,,,CC(C)CSc1ccc([N+](=O)[O-])cc1C(=O)N(C)C[C@H]1CCCN1C,-60.93
ZINC000421701270,76.14,,,,CCC[C@@H](C(=O)N(C)C[C@H]1CCCN1C)c1ccccc1,-61.46
ZINC000421699823,96.42,,,,COc1ccc(Oc2ccc([N+](=O)[O-])cc2C(=O)N(C)C[C@H]2CCCN2C)cc1,-62.45
ZINC000421295130,77.94,,,,CC(C)Sc1c(Cl)cccc1NC(=O)C(=O)N(C)C[C@H]1CCCN1C,-60.83
ZINC000347007006,108.14,,,,COC(=O)[C@@H]1CCN([C@H](C)C(=O)NCc2ccccc2C)[C@@H]1C,-61.38
ZINC000287581634,111.3,,,,COC(=O)C[C@H]1CCCN1C[C@@H](O)Cc1cccc(Cl)c1,-63.23
ZINC000263644082,83.43,,,,Cc1ccc(NC(=O)CN2CCC[C@@H](C3OCCO3)C2)cc1Cl,-64.51
ZINC000248917461,103.08,,,,C[C@H]1CCN(CC#Cc2cccc(Cl)c2)[C@H]1CO,-61.69
ZINC000247001079,61.19,,,,COC(=O)C[C@H]1CCCN1C[C@@H](O)Cc1ccc(C(F)(F)F)cc1,-63.06
ZINC000192043753,52.91,,,,O=C1Nc2ccccc2CC[C@H]1N1CC[C@@H](COCc2ccccc2)C1,-60.88
ZINC001474404955,62.31,,,,Cc1cc(C)c(/C=C\CN2CCC[C@@H](O)C2)cc1C,-61.56
ZINC001362573982,94.76,,,,CN(C[C@H]1CCCN1C)C(=O)[C@]1(C)CC(c2ccccc2Cl)=NO1,-61.32
ZINC001206651458,109.04,,,,C[C@@H]1CN([C@H]2CCc3ccccc3NC2=O)C[C@H]1NC(=O)/C=C\C(C)(C)C,-61.46
ZINC000894427229,38.73,,,,CCC(C)(C)N1CCN(c2nc(N)nc(C(F)(F)C(F)(F)F)n2)CC1,-59.55
ZINC000858362097,141.92,,,,C[C@H](Nc1nc(N)nc(N)n1)c1ccccc1C(F)(F)F,-59.68
ZINC000830877226,78.81,,,,CS[C@@H]1CCN(C[C@@H](O)c2ccccc2C(F)(F)F)C1,-59.47
ZINC000819225653,17.56,,,,CC(C)(C)OC(=O)N1CCC[C@@](C)(CNC[C@@H](O)c2c(F)cccc2F)C1,-59.65
ZINC000074484650,86.86,,,,C[C@H](C(=O)NCc1cc(Br)cs1)N1CCCCCC1,-59.43
ZINC000743860012,23.68,,,,O[C@@H](CN1CC[C@@H](CSc2ccccc2)C1)c1c(F)cccc1F,-59.48
ZINC000678272880,55.72,,,,c1ncn(-c2ccccc2CN2CCC[C@H](N3CCCC3)CC2)n1,-59.5
ZINC000672564445,69.67,,,,C[C@H]1[C@H](N2CCCC2)CCN1Cc1cn2cc(Br)ccc2n1,-59.66
ZINC000611661177,19.06,,,,COC(=O)[C@H](c1cccc(Cl)c1Cl)N1CCC[C@H](N2CCCC2)C1,-59.43
ZINC000550423124,43.55,,,,Cc1nc(CN2CC[C@H](CC3CC3)C2)nc2ccccc12,-59.69
ZINC000542825037,107.14,,,,C[C@@H](C(=O)NCc1ccccc1Cl)N1CC[C@H](n2ncc3ccccc32)C1,-59.56
ZINC000534109220,70.41,,,,Cc1cc(NC(=O)[C@H](C)N2CCC[C@@H]([C@H](C)O)C2)ccc1Br,-59.47
ZINC000516964180,99.3,,,,Cc1cccc(NC(=O)N(C)C[C@H]2CCCN2C)c1C(=O)N1CCCC1,-59.59
ZINC000513818302,89.09,,,,Cc1ccccc1[C@@H]1CCN([C@H](C)C(=O)NCCc2ccccc2)C1,-59.47
ZINC000508455082,69.3,,,,Brc1ccccc1CNc1nccn1Cc1ccccc1,-59.73
ZINC000468894194,35.4,,,,CC(C)CO[C@H]1CCN([C@@H](C)C(=O)N(C)Cc2ccc(Br)cc2)C1,-59.58
ZINC000423867812,95.61,,,,C[C@H](c1ccccc1Br)N(C)C(=O)C[C@@H]1CCCN1,-59.54
ZINC000412048402,88.56,,,,C[C@H](C(=O)NCc1ccc(F)cc1)N1C[C@@H]2CC[C@H](O)C[C@@H]2C1,-59.51
ZINC000358253868,52.09,,,,Cc1ccc([C@H](NC[C@@]2(O)CCN(C)C2)c2ccccc2)cc1,-59.53
ZINC000186482223,95.34,,,,N#Cc1ccccc1NC(=O)CCN1CCC(O)(c2c(F)cccc2F)CC1,-59.46
ZINC001580410121,122.13,,,,N[C@H](Cc1ccccn1)C(=O)NCc1ccccc1C(F)(F)F,-59.5
ZINC001320149247,14.71,,,,OC1(CN2CC(Cc3ccccc3C(F)(F)F)C2)CCC1,-59.45
ZINC000120571916,17.66,,,,O=C(Nc1cccc(OC(F)(F)F)c1)C(=O)N1CCC[C@@H](N2CCCC2)CC1,-59.42
ZINC001109713565,28.75,,,,C[C@H](C(=O)N[C@H]1C[C@H]2CC[C@@H]1N2CCOCC1CC1)c1cccs1,-59.52
ZINC000894429059,33.62,,,,CCC(C)(C)N1CCN(c2cc(C(F)F)ncn2)CC1,-55.0
ZINC000886762228,109.81,,,,C=CCC1(O)CCN([C@H](C)C(=O)N[C@@H](C)c2ccc(Cl)cc2)CC1,-55.0
ZINC000843092160,16.24,,,,OC[C@@H](CNC[C@H](O)c1ccc(F)c(Br)c1)CC1CCCC1,-55.0
ZINC000825615260,104.46,,,,O=C([C@H](O)c1cccc([N+](=O)[O-])c1)N1CC[C@H](N2CCCC2)C1,-54.99
ZINC000775588849,39.03,,,,COc1ccc([C@H]2CCN(C[C@@H](O)c3ccc(F)cc3Cl)C2)cc1,-55.0
ZINC000645238909,35.45,,,,Clc1ccc(O[C@H]2CCN(C3CCCC3)C2)cc1,-54.99
ZINC000589606863,68.92,,,,C[C@H](CN(C)CC(=O)NCc1cccc(Cl)c1)c1ccccc1,-55.0
ZINC000584028046,18.38,,,,Fc1cccc(Cl)c1CNC1CCC2(CCCO2)CC1,-55.0
ZINC000574285278,76.19,,,,CCc1ccc([C@@H](C)N[C@@H]2CCCN(C(=O)CCC(F)(F)F)C2)s1,-55.0
ZINC000556573026,16.75,,,,CN1CC[C@](O)(CN[C@@H](c2sccc2Br)C2CCCCC2)C1,-55.0
ZINC000532978237,118.6,,,,COC(=O)c1ccccc1NC(=O)CN1C[C@@H](c2ccccc2)C[C@@H]1C,-55.0
ZINC000531059007,87.52,,,,CC1(C)[C@H](NC(=O)[C@]2(O)CCN(Cc3ccccc3)C2)[C@@H]2CCCO[C@@H]21,-55.0
ZINC000526962900,60.75,,,,Cc1cccc(C[C@H](CO)NCc2cnc(C3CCCCC3)s2)c1,-55.0
ZINC000517634594,98.74,,,,NC(=O)[C@H](Cc1ccc(Cl)cc1)NCc1cc2ccccc2s1,-55.0
ZINC000500192494,69.32,,,,C[C@]1(c2ccccc2)CCCN(CC(=O)N2CCc3ccccc32)C1,-55.0
ZINC000466933503,84.3,,,,C[C@@H]1CN(C2CC2)C[C@H]1NC(=O)N(Cc1cccc(Br)c1)C1CC1,-55.0
ZINC000453351921,69.23,,,,COc1cccnc1CN[C@H](Cc1ccc(C)cc1)C1CC1,-55.0
ZINC000439311985,106.41,,,,C[C@@H]1C[C@@H](c2ccccc2)CCN1Cc1nc(C2CC2)cs1,-55.0
ZINC000426526480,92.02,,,,O=C(CN1CC[C@@H]2CCC[C@@H]21)Nc1cccc(I)c1,-55.0
ZINC000332414923,87.24,,,,CC(C)CC(=O)N[C@@H](C(=O)N1CCC[C@H](N2CCCC2)C1)c1ccccc1,-55.0
ZINC000285725404,114.57,,,,CCc1cccc(C)c1NC(=O)CN1C[C@@H](N2CCCC2)C[C@H]1C,-55.0
ZINC000246894550,72.65,,,,CCN(C[C@@H]1CCN(Cc2ccccc2)C1)C(=O)[C@H]1CC(=O)N(C2CCCC2)C1,-55.0
ZINC000245453841,113.95,,,,C[C@@H](NC(=O)CNC(=O)CN1CCC[C@H]1C)c1ccc(F)cc1,-55.0
ZINC000228149300,112.76,,,,Cc1ccccc1NC(=O)CN1CCC[C@@H]1C[C@H](C)O,-55.0
ZINC000182372239,34.55,,,,CCN(CC)[C@H]1CCN(Cc2ncc(Cl)cc2Cl)C1,-55.0
ZINC000176805277,41.58,,,,COC(=O)[C@@H](NCC[C@H](C)N(C)Cc1ccccc1)c1cccc(C#N)c1,-55.0
ZINC001579778746,19.65,,,,Cc1cccc2c1CCN2C(=O)[C@@H]1CC[C@H]2CCCC[C@@H]2N1,-55.0
ZINC001156463732,32.58,,,,C(=C/c1ccccc1)\CNc1ccc2c(n1)CCC2,-55.0
ZINC000115566238,18.2,,,,CC(C)OCCN1CCN(C2CCC(C)CC2)CC1,-55.0
ZINC001096194954,118.19,,,,C[C@H](C(=O)N[C@H]1C[C@H]2CC[C@@H]1N2CCn1cccn1)c1ccccc1F,-55.0
ZINC001095312060,69.38,,,,Cc1ccc(CN2[C@@H]3CC[C@H]2[C@@H](NC(=O)c2cn(C)cn2)C3)c(C)c1,-55.0
ZINC000961091031,33.03,,,,O=C(C1CCCC1)N1CCC[C@H]([C@@H]2CCN(C/C=C\Cl)C2)C1,-52.5
ZINC000932649435,69.53,,,,CCOC(=O)[C@@H]1CCN(C[C@@H](O)COc2cccc(C)c2)C1,-52.5
ZINC000932000298,75.87,,,,O=C1[C@@H](N2CC[C@@H](C3OCCO3)C2)CCN1c1cccc(Br)c1,-52.5
ZINC000839577413,28.74,,,,C[C@@H]1CCC[C@H](CCN2CCC([C@H](O)c3ncc[nH]3)CC2)C1,-52.5
ZINC000809405032,99.35,,,,Cc1ccc(N2CCN(C(=O)C(=O)N[C@@H]3CN(C4CC4)C[C@@H]3C)CC2)cc1,-52.5
ZINC000805335094,133.28,,,,COc1ccc(C(=O)N2CC[C@H](N3CCCC3)[C@@H]2C)nc1Cl,-52.5
ZINC000802379169,89.66,,,,Cc1ccc(C2=NO[C@@H](CNC(=O)N3CC[C@H](N4CCCC4)C3)C2)cc1C,-52.5
ZINC000684407814,70.62,,,,CCN(CC)c1ncc(CN2CC(C(C)C)C2)s1,-52.5
ZINC000669616349,56.63,,,,OC[C@H](N[C@H]1Cc2[nH]c3ccccc3c2C1)C1CCCCC1,-52.5
ZINC000064804934,85.02,,,,CCCn1c(C)cc(/C=C(/C#N)C(=O)NCCN(C)Cc2ccccc2)c1C,-52.5
ZINC000624110289,49.28,,,,CC(C)CC[C@@H](CO)N[C@H](C)c1nc2c(s1)CCCC2,-52.5
ZINC000621202771,61.35,,,,CCCN1CCC[C@H]1C(=O)NCc1cnccc1C(F)(F)F,-52.5
ZINC000592403811,152.68,,,,CC(C)Cc1ccc(C(=O)N2CCN([C@@H]3CCC[C@@H]3O)CC2)cc1,-52.5
ZINC000574318236,100.35,,,,C[C@@H]1C[C@H](NC(=O)C(=O)N(C)Cc2c(Cl)cccc2Cl)CN1C1CC1,-52.5
ZINC000536865847,36.28,,,,CCc1cc(N2CCC[C@@H](N[C@H](C)c3ccc(OC)c(Cl)c3)C2)ncn1,-52.5
ZINC000525245955,93.6,,,,CC[C@@H]1CCC[C@H](NC(=O)[C@H](C)N2CCCCCC2)C1,-52.5
ZINC000520440291,102.18,,,,COc1cc(Cl)c(C)cc1NC(=O)[C@H](C)N(C)Cc1sccc1C,-52.5
ZINC000501775665,20.45,,,,C[C@@H](c1ccc(F)c(F)c1)N(C)C(=O)CN1CC[C@@H](C)[C@@H](C)C1,-52.5
ZINC000453607577,86.75,,,,Cc1ccc(C[C@H](CO)NCc2cccc(F)c2)cc1C,-52.5
ZINC000446751851,20.78,,,,O[C@@H](CN[C@@H](c1ccc(Br)cc1Cl)C1CC1)CN1CCCC1,-52.5
ZINC000436303801,75.29,,,,CC(C)N1C[C@H](NC(=O)N[C@@H](C)c2ccc(Br)s2)[C@@H](C)C1,-52.5
ZINC000410783840,103.41,,,,CN(Cc1cc(F)cc(F)c1)C(=O)C(=O)N1CC[C@H](N2CC=CC2)C1,-52.5
ZINC000376738332,84.0,,,,CC[C@H](c1ccccc1)N1CCC(C#N)(c2ccccn2)CC1,-52.5
ZINC000375486080,48.68,,,,C[C@@H](CO)N1CCCN([C@@H](C)C(=O)Nc2cccc(Cl)c2Cl)CC1,-52.5
ZINC000348635286,104.72,,,,CN(C/C=C\c1ccc(F)c(F)c1)[C@@H]1COC[C@@H]1O,-52.5
ZINC000295103757,114.07,,,,CS[C@@H]1CCN(Cc2cnc(C)n2-c2ccccc2)C1,-52.5
ZINC000261552362,56.06,,,,C[C@H]1CN/C(=N/Cc2cccc(OCc3ccccc3)c2)N1,-52.5
ZINC000172648663,96.31,,,,O=C(Nc1ccc2ncsc2c1)C(=O)N1CCCN(C2CCCC2)CC1,-52.5
ZINC000170742095,29.66,,,,FC(F)(F)c1ccc(-c2nc(CN3CC[C@H](N4CCCC4)C3)cs2)cc1,-52.5
ZINC001515357045,104.25,,,,O=C(C[C@]1(O)CCCNC1)Nc1cn2cc(Br)ncc2n1,-52.5
ZINC001307701283,62.48,,,,CC[C@H]1CCN(CC(=O)Nc2cc(Cl)ccc2C#N)[C@H]1C,-52.5
ZINC000124982852,89.75,,,,N#Cc1csc(CN2CCC[C@H]2Cc2ccccc2)c1,-52.5
ZINC001169307444,21.2,,,,C[C@@H](C(=O)NCc1ccc(Cl)cc1)N1CCC(C(C)(C)C)CC1,-52.5
ZINC000875242850,76.22,,,,C[C@H]1CCC[C@H](NC(=O)C(=O)N2CCC(N3CCN(C)CC3)CC2)CC1,-50.0
ZINC000080247921,24.68,,,,Cc1noc(-c2cccnc2NC2CCC(N3CCCCC3)CC2)n1,-50.0
ZINC000762555244,84.1,,,,Cc1nn(Cc2ccc(F)cc2)c(Cl)c1CNC[C@@]1(O)CCN(C)C1,-50.0
ZINC000073649189,74.21,,,,CC[C@@H](C)NC(=O)[C@@H](C)N1CCC(c2c[nH]c3ccccc32)CC1,-50.0
ZINC000726467110,79.46,,,,CCN1CCN(CCNC(=S)N[C@H](C)c2cccs2)CC1,-50.0
ZINC000685844120,51.3,,,,Brc1ccccc1-n1cc(CN2CC[C@@H]3CCC[C@@H]32)nn1,-50.0
ZINC000683045155,108.07,,,,CC[C@@]1(NCC(=O)Nc2ccc(C)cc2Br)CCOC1,-50.0
ZINC000657977970,83.09,,,,C[C@H](Cn1cncn1)N[C@@H]1CCN(c2ccccc2C(F)(F)F)C1,-50.0
ZINC000646273308,106.52,,,,C[C@@H](Cc1c(Cl)cccc1Cl)NC(=O)c1cn(C[C@@H]2CCCN2)nn1,-50.0
ZINC000631236280,91.98,,,,COc1ccccc1C[C@@](C)(CO)NCc1ccc2c(c1)ncn2C,-50.0
ZINC000608224751,75.63,,,,CC(C)Cc1ccc(C(=O)Nc2ccc(OCCN3CCN(C)CC3)cc2)cc1,-50.0
ZINC000586751050,98.23,,,,C[C@@H](C(=O)NC[C@H](C)N1CCCC1)c1c(Cl)cccc1Cl,-50.0
ZINC000584233558,22.68,,,,CC1(C)Cc2cc(C(=O)N3CCC[C@@H](N4CCCC4)CC3)ccc2O1,-50.0
ZINC000564110976,78.16,,,,CC1CCC(CNC(=O)C(=O)NC2CCN([C@@H]3CCC[C@@H]3O)CC2)CC1,-50.0
ZINC000557493019,113.25,,,,COCCN1CCC[C@@H]1CNC(=O)C(=O)N1CCC[C@@H](C(C)C)CC1,-50.0
ZINC000533411740,79.68,,,,C[C@H](C(=O)Nc1ccc(F)cc1Cl)N1CC[C@H](N2CCCC2)C1,-50.0
ZINC000524392254,93.92,,,,O=C(Nc1cnc2ccccc2c1)[C@]1(O)CCN(Cc2ccccc2)C1,-50.0
ZINC000504552433,49.17,,,,COCCN1CCC(N[C@H]2COc3cc(F)c(Br)cc32)CC1,-50.0
ZINC000465804078,67.75,,,,CCN(CC)[C@H]1CCN(C(=O)NCCCc2cccc(Cl)c2)C1,-50.0
ZINC000413145325,62.88,,,,CC1CCN(C[C@H](O)CNc2nccc3ccc([N+](=O)[O-])cc32)CC1,-50.0
ZINC000359009035,99.78,,,,CC(C)N1C[C@H](NC(=O)c2ccn(Cc3ccccc3)c2)[C@@H](C)C1,-50.0
ZINC000301468116,88.48,,,,c1ccc(SC[C@@H]2CCN(c3cc(N4CCCCC4)ncn3)C2)cc1,-50.0
ZINC000289897491,50.99,,,,C[C@@H]1COCC[C@@H]1NCCc1c[nH]c2cccc(Br)c12,-50.0
ZINC000286616311,75.0,,,,COC(=O)c1cccc(S(=O)(=O)N2CC[C@@H](N3CCCC3)[C@@H]2C)c1,-50.0
ZINC000286502332,139.12,,,,CNC(=O)CC[C@H]1CCCCN1Cc1cc(-c2ccccc2)on1,-50.0
ZINC000271284821,28.28,,,,CCCN(C)C[C@H]1CCN([C@H](C)C(=O)c2c[nH]c3ncccc23)C1,-50.0
ZINC000265181994,102.0,,,,COC1CCC(N(C)CC(=O)Nc2ccc3ccccc3c2)CC1,-50.0
ZINC000247147334,103.79,,,,CN1CCC[C@@H]2CN(Cn3ccc(-c4ccc(Br)cc4)n3)CC[C@H]21,-50.0
ZINC000192810020,88.96,,,,COc1ccc2ccccc2c1-c1cc(CN2CCN(C[C@@H](C)O)C[C@H]2C)on1,-50.0
ZINC000155998528,30.91,,,,CS[C@@H]1CCC[C@H](NC(=O)NC2CCN([C@@H]3CCCC[C@@H]3O)CC2)C1,-50.0
ZINC000155112667,33.83,,,,C[C@@H](CN1CCN(C)CC1)N[C@@H](C)c1ccc(-c2ccccc2)o1,-50.0
ZINC000153400973,99.42,,,,O=C(CN1CC[C@]2(CCOC2)C1)N[C@@H](Cc1ccccc1)c1ccccc1,-50.0
ZINC001418905447,129.53,,,,CC(C)N1CC[C@H](CCNC(=O)c2cc(-c3cccnc3)on2)C1,-50.0
ZINC000135482356,21.74,,,,O=C(CCc1cc(Br)ccc1F)N1CC[C@@H](CN2CCCC2)C1,-50.0
ZINC001033973784,43.25,,,,CCN(C(=O)c1ccnc(C2CC2)n1)[C@H]1CCN(CC2CCC2)C1,-50.0
ZINC000981787500,48.38,,,,O=C(C1CC2(CCC2)C1)N1CCCN(C[C@@H](O)c2ccccc2)CC1,-47.5
ZINC000972168981,63.41,,,,CN(C[C@H]1CCCCO1)[C@@H]1CCN(C(=O)c2nc(Cl)cs2)C1,-47.5
ZINC000866213504,204.0,,,,CN1CCN(C2CCN(c3nc(N)c4ccccc4n3)CC2)CC1,-47.5
ZINC000664479370,103.04,,,,O=C(N[C@H]1CCOC2(CCC2)C1)N1CCC(N2CC[C@@H](O)C2)CC1,-47.5
ZINC000575186982,22.95,,,,Cc1ccc2c(c1)[C@H](NC(=O)NC[C@@H]1CCN(C(C)C)C1)CCC2,-47.5
ZINC000556484619,111.92,,,,CC(C)OCCN1CCC(NC(=O)[C@@H]2CCc3nncn3C2)CC1,-47.5
ZINC000539406733,33.97,,,,CCCC1CCC(CN2CCN(CC(=O)N(CC)CC)CC2)CC1,-47.5
ZINC000529649527,84.33,,,,C[C@@H](C(=O)Nc1cccc(C2CCCCC2)c1)N1CCN(C)CC1,-47.5
ZINC000496403719,92.38,,,,CN(C[C@H](O)CN[C@@H]1C[C@H]2CCCCN2C1=O)C(=O)OC(C)(C)C,-47.5
ZINC000454705882,87.61,,,,CN1CC[C@@H](CNC(=O)Nc2cc(F)ccc2Oc2ccccc2)C1,-47.5
ZINC000452100574,73.35,,,,CC(C)N1CC[C@H](N(C)S(=O)(=O)C[C@H]2CCCCC2(F)F)C1,-47.5
ZINC000450551910,15.99,,,,C[C@@H]1CCC[C@H](NC(=O)CN2CCN(CCC3=CCCCC3)CC2)C1,-47.5
ZINC000417806012,96.17,,,,CC(C)(C(=O)N[C@@H]1CCCc2cc(N)ccc21)[C@H](N)c1ccccc1,-47.5
ZINC000416493836,72.27,,,,Cc1cc([N+](=O)[O-])cc(C)c1S(=O)(=O)NC[C@H]1CCN(C)C1,-47.5
ZINC000370933962,98.95,,,,CN1CCC(C(=O)N2CCC[C@@H](c3nc4ccc(F)cc4o3)C2)CC1,-47.5
ZINC000370893072,82.07,,,,O=C1CCCCN1[C@@H]1CCCN(Cc2cc(-c3ccccc3)no2)C1,-47.5
ZINC000367601434,90.78,,,,Cc1ccccc1Cc1nnc(CN2C[C@@H](N3CCCC3)C[C@H]2C)o1,-47.5
ZINC000362611503,27.85,,,,CCO[C@@H](CC(=O)N1CCCN(C2CCCC2)CC1)C1=CCCC1,-47.5
ZINC000285662957,17.45,,,,COc1ccc(-c2ccccc2)cc1CNCCC1(O)CCOCC1,-47.5
ZINC000272631760,91.19,,,,CN1CCC(C)(CNC(=O)Nc2ccc(Br)nc2)CC1,-47.5
ZINC000272592294,79.15,,,,Cc1c(Br)cccc1C(=O)N1CC[C@@H]2CCN(C)C[C@H]21,-47.5
ZINC000265281429,97.53,,,,Cc1cccnc1[C@H](NC(=O)N1CCN(C2CCC2)CC1)C(C)C,-47.5
ZINC000237909071,88.99,,,,N[C@@H](CC(=O)Nc1cccc(C(=O)N2CCCC2)c1)c1ccccc1,-47.5
ZINC000194878845,109.11,,,,CC(C)(C)N1CCC(NC(=O)c2ncccc2Br)CC1,-47.5
ZINC000159130997,107.85,,,,CC(C)[C@H](C(=O)NC[C@H](C[C@@H](C)O)c1ccccc1)N1CCCCC1,-47.5
ZINC000153451054,17.16,,,,Cc1cc(C(C)(C)C)ccc1OC[C@@H](O)CN1CC[C@]2(CCOC2)C1,-47.5
ZINC001403624658,65.26,,,,COc1ccc(C(=O)N(C)C[C@H](C)NCC2CCC(C)(C)CC2)nn1,-47.5
ZINC001399642198,21.25,,,,C[C@@H]1CCC[C@H](CCN(C)CCNC(=O)c2c3c(nn2C)CCC3)C1,-47.5
ZINC001391502525,43.61,,,,O=C(NCC1CN(CCC2CCCC2)C1)C1(c2cccnc2)CC1,-47.5
ZINC001381212829,71.11,,,,Cc1c(C(=O)NCC[C@H](C)NCc2nccc(C)n2)ccn1C(C)C,-47.5
ZINC000130668661,68.63,,,,CN1CCN(c2ncc(CN3CCN(CC4CC4)CC3)cn2)CC1,-47.5
ZINC001196417557,71.86,,,,CCc1ccc(F)cc1C(=O)N1CCCN(CCOC(C)C)CC1,-47.5
ZINC001099969021,28.49,,,,O=C(N[C@@H]1CCN(CCC2CCCC2)C[C@@H]1O)C1(C(F)F)CCC1,-47.5
ZINC001077034834,16.53,,,,Cc1c(F)cccc1C(=O)N[C@@H]1CN(CCC2CCCCC2)C[C@H]1O,-47.5
ZINC001061620290,91.28,,,,CN1CCC(C(=O)NC[C@@H]2CCN(c3ncc(Cl)cn3)C2)CC1,-47.5
ZINC001061317651,62.56,,,,CN1CCC[C@@H]1C(=O)NC[C@H]1CCCN1c1ncnc2scnc21,-47.5
ZINC001040612984,99.95,,,,COc1ccnc(CN2CCC3(CCN(C(=O)C(C)C)C3)CC2)c1,-47.5
ZINC001033739722,24.61,,,,CCN(C(=O)c1cnccn1)[C@@H]1CCN(CC2CCCCCC2)C1,-47.5
ZINC001032169623,92.82,,,,Cc1ccnc2nc(C(=O)NCC3CN(CCCC4CCC4)C3)nn21,-47.5
ZINC001018723708,101.35,,,,Cc1cc(C(=O)N2CC[C@H](NCc3cccc(Cl)c3F)C2)ncn1,-47.5
ZINC001004070100,85.54,,,,CC[C@@H](C(N)=O)N1CCC(NC(=O)[C@H]2Cc3ccc(Cl)cc32)CC1,-47.5
ZINC000971070823,90.89,,,,Cc1cc(C(=O)N2CC[C@H](N(C)Cc3ccc(C)c(C)c3)C2)on1,-45.0
ZINC000929842198,103.91,,,,O=C1CCCCN1C1CCN(C[C@H](O)C[C@]2(O)CCOC2)CC1,-45.0
ZINC000897504395,90.88,,,,C[C@@H]1CCCN1CCNC(=O)N1CCC[C@@H]1[C@@H]1CCCC[C@@]1(C)O,-45.0
ZINC000880249690,113.4,,,,NC(=O)C1(N2CCCCC2)CCN(CC(=O)NCC2CCC2)CC1,-45.0
ZINC000774469834,83.25,,,,O=C(NC1CCCCC1)C(=O)NC1CCN(C[C@H]2CCCO2)CC1,-45.0
ZINC000679555790,103.06,,,,COCCOCc1cccc(NC(=O)NCC2(C)CCN(C)CC2)c1,-45.0
ZINC000673584800,110.1,,,,O=C(NCCCC1CC1)C(=O)NC1CCN([C@H]2CCC[C@@H]2O)CC1,-45.0
ZINC000667676804,94.42,,,,O=C(Nc1cnn(CC2CC2)c1)C(=O)N1CCC[C@H]([C@@H]2CCNC2)C1,-45.0
ZINC000655168559,97.58,,,,O=C(Nc1ccc2ncnn2c1)[C@]1(O)CCN(Cc2ccccc2)C1,-45.0
ZINC000623468108,84.89,,,,C[C@@H]1CCCC[C@H]1OCCNC(=O)NC[C@H]1CCCCN(C)C1,-45.0
ZINC000603324806,65.51,,,,CCc1c(C(=O)N[C@@H](C)C2CCN(C)CC2)cnn1-c1ccccc1,-45.0
ZINC000588863575,133.79,,,,O=C(Cn1cc([N+](=O)[O-])ccc1=O)N1CC[C@H](N2CC[C@@H](O)C2)C1,-45.0
ZINC000495656270,45.07,,,,CCCCNC(=O)[C@H](C)N1CC[C@](C)(CNC(=O)OC(C)(C)C)C1,-45.0
ZINC000453336584,100.19,,,,C[C@@H](CC(N)=O)NC[C@H](CO)Cc1cc(Br)ccc1F,-45.0
ZINC000415549177,73.84,,,,O=C(NC[C@H]1CCCN1)Nc1cc(F)cc(F)c1Br,-45.0
ZINC000358071102,112.57,,,,CCc1ccnc(CNC(=O)C(=O)N[C@@H]2C[C@H](C)N(C3CC3)C2)c1,-45.0
ZINC000358051108,102.29,,,,CN1CC[C@](O)(CNC(=O)c2cc3cc([N+](=O)[O-])ccc3s2)C1,-45.0
ZINC000345970626,71.66,,,,CC[C@H](NC(=O)C(=O)N(CC)CCCN1CCCC1)[C@@H]1CCCO1,-45.0
ZINC000340106708,49.98,,,,Cc1ccncc1N1CCN(C[C@H](O)CN2C[C@@H](C)O[C@H](C)C2)CC1,-45.0
ZINC000339640280,105.79,,,,C[C@H]1CN(CCN(C)C(=O)C(=O)NC2CCN(C)CC2)C[C@H](C)O1,-45.0
ZINC000334024070,110.7,,,,C[C@H](C(=O)NCC1CCCCC1)N1CCC[C@H](N2CCCC2=O)CC1,-45.0
ZINC000298791523,89.03,,,,O=C(CN1CCC(c2nc3cc(Cl)ccc3o2)CC1)N1CCC1,-45.0
ZINC000188412270,106.47,,,,O=C(NCCc1ccc(F)c(Br)c1)[C@H]1C[C@H](F)CN1,-45.0
ZINC001437918206,102.57,,,,Cc1cnc(CN2CC[C@@H](CCNC(=O)c3cncs3)C2)s1,-45.0
ZINC001419404744,19.57,,,,Cc1cc(C)nc(C(=O)NCCC2CCN(CCOC(C)C)CC2)c1,-45.0
ZINC001377717241,101.46,,,,CCC1(C(=O)NCC[C@@H]2CCN(Cc3nccn3C)C2)CCCC1,-45.0
ZINC000136880129,53.87,,,,O=C(NCc1ccc(F)cc1C(F)(F)F)[C@@H]1CC12CCNCC2,-45.0
ZINC001149399826,96.42,,,,CN1CCC[C@@H]1C(=O)NC[C@H]1CN(CCCC(C)(C)C)CCCO1,-45.0
ZINC001048683995,61.65,,,,Cc1ccc(CN2C[C@@H]3CN(C(=O)c4cccn4C)C[C@@H]3C2)cc1C,-45.0
ZINC001019309159,99.62,,,,O=C([C@H]1Cc2ccccc21)N1CC[C@H](NCc2ccncc2Cl)C1,-45.0
ZINC001002178741,108.97,,,,Cc1cccc(F)c1C(=O)NCC1CCN(CCn2cncn2)CC1,-45.0
ZINC000973375109,110.87,,,,C[C@@H]1CCN(CC(=O)N[C@H]2C[C@H](NC(=O)c3cnnc(O)c3)C2)C1,-42.5
ZINC000950078544,108.01,,,,Cc1cc(C)nc(C(=O)N2CC[C@H]2CNC(=O)[C@@H]2CCN(C)C2)c1,-42.5
ZINC000903470913,92.22,,,,O=C(CN[C@H]1CCNC12CCC2)NCCN1CCc2ccccc21,-42.5
ZINC000847525041,59.31,,,,CN1CC[C@]2(CCN(C(=O)C(=O)Nc3cccc4nonc43)C2)C1,-42.5
ZINC000805503179,105.15,,,,CN1CCN(CCNC(=O)C(=O)NC[C@H]2CCC=CO2)CC1(C)C,-42.5
ZINC000804054066,90.02,,,,O=C(NC[C@@H]1CN2CCC[C@@H]2CO1)C(=O)N[C@@H]1CC[C@H]2CCC[C@@H]2C1,-42.5
ZINC000738383044,117.58,,,,O[C@@H](CN1CCN(c2ccc(-c3nn[nH]n3)cc2F)CC1)C1CC1,-42.5
ZINC000595353335,97.73,,,,CCCN1CC[C@H](NS(=O)(=O)c2ccc(C(=O)OC)cc2F)C1,-42.5
ZINC000576277949,67.18,,,,C[C@H](NC1CC1)C(=O)NCc1ccc(C(=O)N=c2cc[nH]cc2)cc1,-42.5
ZINC000556797005,79.9,,,,CN1CCN(C(=O)C(=O)N2CCCN(C3CCCC3)CC2)CC1=O,-42.5
ZINC000555574173,106.6,,,,CN1CCN(CCCCNC(=O)C(=O)N2CCSCC2)CC1,-42.5
ZINC000438095302,38.1,,,,C[C@@H]1CCC[C@@H](NC(=O)CN2CCN(CC[C@@H]3CCOC3)CC2)C1,-42.5
ZINC000418924570,64.94,,,,Cc1cccc(C)c1OC[C@H](C)NC(=O)C(=O)NC[C@@H]1CCCNC1,-42.5
ZINC000377772869,100.1,,,,CS[C@H](CO)[C@@H](C)NC(=O)N[C@@H]1CCN(C2CCN(C)CC2)C1,-42.5
ZINC000363920872,88.95,,,,CC(C)N1CCN([C@H]2CCN(C(=O)CC3(O)CCCCC3)C2)CC1,-42.5
ZINC000283462313,98.48,,,,Cc1noc(C)c1CNC(=O)C(=O)N1CCN(C2CCCC2)CC1,-42.5
ZINC000276781830,97.59,,,,CC[C@@]1(C)Oc2ccc(NC(=O)C(=O)NC[C@@H]3CCN(C)C3)cc2O1,-42.5
ZINC000270395954,120.68,,,,COCC1(O)CCN(C[C@@H](O)Cn2cnc3cc(C)c(C)cc32)CC1,-42.5
ZINC000182663590,97.95,,,,C[C@H](CCNC(=O)N1CCO[C@H]([C@@H]2CCCO2)C1)N1CCCCC1,-42.5
ZINC000178638284,111.07,,,,O=C1Nc2ccccc2C12CCC(NCC1(O)CCOCC1)CC2,-42.5
ZINC000152090354,44.74,,,,COC(=O)[C@@H](C)CS(=O)(=O)N[C@@H]1CCN(CC2CCCC2)C1,-42.5
ZINC001072835483,81.78,,,,CNC(=O)[C@@H](C)N1CCC2(CN(C(=O)c3c[nH]c4nccc-4c3)C2)C1,-42.5
ZINC001055479120,98.52,,,,CC(=O)NCCN1CCC(NC(=O)c2c(C)[nH]nc2Cl)CC1,-42.5
ZINC001041605786,109.74,,,,O=C([C@@H]1CCCN(CC(F)F)C1)N1CC[C@]2(CCN(CCO)C2)C1,-42.5
ZINC001021041334,86.23,,,,Cc1ccccc1CN[C@H]1C[C@H](NC(=O)c2cn(C)c(=O)nc2O)C1,-42.5
ZINC001006004942,125.63,,,,C[C@@H](NC(=O)c1cnnn1C)C1CN(C(=O)C23CCCN2CCC3)C1,-42.5
ZINC001003018745,85.67,,,,CCc1nnsc1C(=O)NCC1CN(C(=O)[C@H]2CCCN2C)C1,-42.5
ZINC001000730978,81.35,,,,O=C(NCC1CN(C(=O)[C@H]2CC[C@H]3CCCCN32)C1)c1cnccn1,-42.5
ZINC000995014137,122.93,,,,Cc1c(C(=O)NC2CN(C(=O)c3cnns3)C2)ccc2cncn21,-40.0
ZINC000991393621,116.1,,,,CCc1noc(C)c1C(=O)NC1CN(C(=O)[C@H]2CCCCN2C)C1,-40.0
ZINC000955102158,111.29,,,,CN(C(=O)c1cccnn1)C1CN(C(=O)[C@H]2CCC[C@H]3CCCN32)C1,-40.0
ZINC000937267298,111.07,,,,C[C@H]1CCCN1CC(=O)N(C)[C@H]1CCN(C(=O)CC(C)(C)O)C1,-40.0
ZINC000813849560,108.43,,,,C[C@H](NC(=O)c1ccc2[nH]c(=O)c(=O)[nH]c2c1)[C@H](O)c1ccccc1,-40.0
ZINC000679371269,114.36,,,,CN1CC[C@H]2CCN(C(=O)C(=O)Nc3cnc4c(c3)COCC4)[C@@H]2C1,-40.0
ZINC000671981913,105.72,,,,C[C@@H](NC(=O)C(=O)NCCCN1CCC[C@H](C(N)=O)C1)C1CCC1,-40.0
ZINC000627254962,113.47,,,,O=C([C@@H]1CCCN1c1ncccn1)N1CC[C@@H](N2CC[C@H](O)C2)C1,-40.0
ZINC000045463977,107.0,,,,CC(C)CN1CCC(NC(=O)NNC(=O)C(=O)NC2CC2)CC1,-40.0
ZINC000419873354,95.74,,,,CC[C@H]1CN(C(=O)C(=O)NCCCN2CCNCC2)CCS1,-40.0
ZINC000358062278,101.73,,,,CN1CC[C@](O)(CNC(=O)c2ccc([N+](=O)[O-])c3cccnc23)C1,-40.0
ZINC000297448741,104.83,,,,CN(CCCN(C)C(=O)C(=O)N(CCO)C1CC1)Cc1ccco1,-40.0
ZINC000287105318,117.3,,,,Cc1c(CNC(=O)C(=O)N2CC[C@@H](C3CCN(C)CC3)C2)cnn1C,-40.0
ZINC000279187431,104.95,,,,COCCOc1ccc(NC(=O)C(=O)N2C[C@H]3CN(C)C[C@H]3C2)cn1,-40.0
ZINC000158577469,111.13,,,,C[C@H]1C[C@@H](NC(=O)C(=O)Nc2cnn(CC(F)F)c2)CN1C1CC1,-40.0
ZINC001365986475,108.86,,,,COC[C@@H](O)CN1CC[C@H](NC(=O)c2c(C)c(C)nn(C)c2=O)C1,-40.0
ZINC000133744458,65.7,,,,CN(C(=O)C[C@@H]1CSCCN1)[C@@H]1CCCN(c2cccnn2)C1,-40.0
ZINC001073859800,110.41,,,,CCc1cc(C(=O)NC[C@H]2CN(CCn3cncn3)CCCO2)no1,-40.0
ZINC001055138151,102.76,,,,Cc1cnc(C(=O)N2C[C@H]3CN(C(=O)CN(C)C(C)C)C[C@H]3C2)cn1,-40.0
ZINC001054647418,104.39,,,,COCCn1cc(C(=O)N2C[C@@H](C)[C@@H](NCc3ccccn3)C2)nn1,-40.0
ZINC001039123057,114.56,,,,C[C@@H](O)CN1CC[C@H](C2CCN(C(=O)CN3CCOCC3)CC2)C1,-40.0
ZINC001028614115,115.31,,,,Cc1nc(O)[nH]c1C(=O)NC[C@H]1CCN([C@H](C)C(=O)NC2CC2)C1,-40.0
ZINC001028403773,109.02,,,,Cc1cc(C(=O)NC[C@@H]2CCN(CC(=O)Nc3cnccn3)C2)on1,-40.0
ZINC001018665695,120.03,,,,Cn1ccc(N2CC[C@@H](N[C@H]3CCN(C(=O)CC4CCC4)C3)C2=O)n1,-40.0
ZINC001002391793,90.15,,,,CCN1CC[C@@H](N2CCC(NC(=O)c3cncnc3C)CC2)C1=O,-40.0
ZINC001001445660,92.06,,,,O=C(NCC1CCN([C@H]2CCNC2=O)CC1)c1ccn(C(F)F)n1,-40.0
ZINC000997292482,87.85,,,,Cc1n[nH]cc1C(=O)NC1CN(C(=O)[C@H]2C[C@@H]3CCCCN3C2)C1,-37.5
ZINC000982403760,104.18,,,,CC(C)=CC(=O)N1CC[C@@H](CNC(=O)c2ccn(CCN(C)C)n2)C1,-37.5
ZINC000936344871,82.72,,,,C[C@H]1CCCN1CC(=O)N(C)[C@H]1CCN(C(=O)C2CCOCC2)C1,-37.5
ZINC000891830660,116.42,,,,CO[C@@H]1CN(C(=O)NCc2ccnc(N3CCN(C)CC3)c2)CCO1,-37.5
ZINC000863492725,178.69,,,,CCC1(N2CCOCC2)CCN(C(=O)C2=NN(C)C(=O)CC2)CC1,-37.5
ZINC000806327364,105.85,,,,CC[C@@H](CN1CCCC1)NC(=O)C(=O)NC1COC(C)(C)OC1,-37.5
ZINC000518759550,114.58,,,,Cc1ccnc2nc(C(=O)N3CCN(CCN4CCCC4)CC3)nn21,-37.5
ZINC000444807044,120.2,,,,CCO[C@@H]1C[C@](CO)(NC[C@H](O)COC2CCOCC2)C1(C)C,-37.5
ZINC000438905691,105.38,,,,Cc1c(C(=O)NCC2CCCC2)cnc2c1c(=O)n(C)c(=O)n2C,-37.5
ZINC000419445843,82.54,,,,CN(Cc1ccccc1)C(=O)CNC(=O)C(=O)N[C@H]1CCCNC1,-37.5
ZINC000378210510,95.3,,,,NC(=O)c1ccccc1N1CC[C@H](NC(=O)CC2CCNCC2)C1,-37.5
ZINC000366544782,110.5,,,,CN1CC[C@]2(CCN(C(=O)CN3C(=O)NC4(CCCC4)C3=O)C2)C1,-37.5
ZINC000349353698,142.42,,,,C[C@@H]1CCN2C(=O)N(CCCN3CCC[C@@H](C(N)=O)C3)C(=O)[C@H]2C1,-37.5
ZINC000343016571,117.79,,,,COCCN1CCC(NC(=O)C(=O)N[C@H]2CCOC(C)(C)C2)CC1,-37.5
ZINC000286782676,132.39,,,,CCc1nn(C)c(Cl)c1C(=O)N1CC[C@@H](N2CCNCC2)C1,-37.5
ZINC001416718427,80.49,,,,CCN1CCCC[C@H]1C(=O)NC[C@@H](O)CNC(=O)c1cnccn1,-37.5
ZINC001369886058,111.3,,,,O=C(CCn1cccn1)NCCN1CCN(CCn2cccn2)CC1,-37.5
ZINC001088099598,132.36,,,,Cc1ccoc1CC(=O)N1C[C@H]2CCN(CC(=O)N(C)C)C[C@H]2C1,-37.5
ZINC001074556982,89.59,,,,O=C(C[C@H]1C=CCC1)NCC1(O)CCN(C(=O)c2cncnc2)CC1,-37.5
ZINC001073886256,112.72,,,,CN1CC[C@@H](C(=O)NC[C@H]2CN(Cc3csnn3)CCCO2)C1,-37.5
ZINC001052175095,103.76,,,,CCN1CC[C@H](N2CCC[C@@H](NC(=O)c3ccc(O)nn3)CC2)C1=O,-37.5
ZINC001051553588,104.84,,,,Cc1ncc(CNC[C@@H]2CN(C(=O)c3cn(C)cn3)CCO2)cn1,-37.5
ZINC001042098162,101.64,,,,CN1CCC[C@H]1C(=O)NCC1(O)CN(C(=O)CCc2ncccn2)C1,-37.5
ZINC001023604137,89.27,,,,C[C@@H](C(N)=O)N1CCC[C@H](CNC(=O)c2nn(C)c3c2CCCC3)C1,-37.5
ZINC001021109191,105.9,,,,Cn1cc(CN[C@H]2C[C@H](NC(=O)c3cccc(C(N)=O)n3)C2)cn1,-37.5
ZINC001019525589,85.0,,,,Cc1ccc(C(=O)NC[C@H]2CN(C(=O)[C@@H]3CCN(C)C3)CCCO2)o1,-37.5
ZINC000956566890,112.53,,,,CCC(=O)N1CCN([C@H]2CCN(C(=O)c3c[nH]c(=O)cn3)C2)CC1,-32.5
ZINC000861751799,106.27,,,,Cc1cc(N(C)C)ccc1CNC(=O)C(=O)NC[C@@H]1COCCN1,-32.5
ZINC000531495018,99.31,,,,CC(=O)N1CCN(C(=O)C(=O)Nc2cnn(-c3ccccn3)c2)CC1,-32.5
ZINC000422349618,129.08,,,,COC(=O)[C@@]1(C)CCCN(C(=O)C(=O)N[C@@H](C)Cc2ccncc2)C1,-32.5
ZINC000420063417,94.08,,,,NC[C@@H](NC(=O)C(=O)NCCN1CCSCC1)C1CCCC1,-32.5
ZINC000361132106,76.38,,,,Cc1nc2n(n1)CCN(C(=O)C(=O)N[C@@H]1CCO[C@@H](CC(C)C)C1)C2,-32.5
ZINC001328800283,86.39,,,,C[C@@H](CNC(=O)C(=O)NCc1nnn(C)n1)N(C)Cc1ccccc1,-32.5
ZINC001323717111,95.03,,,,COC(=O)N1CCC[C@H](NC(=O)C(=O)N2CC[C@@](O)(C3CC3)C2)C1,-32.5
ZINC001261177261,70.88,,,,CCNS(=O)(=O)CCNC(=O)C(=O)N[C@@H](C)C1=CCN(C)CC1,-32.5
ZINC001202928172,117.23,,,,CN(C)S(=O)(=O)N(C)CC(=O)N[C@@H]1C[C@H](NCCO)C12CCC2,-32.5
ZINC001199969207,124.38,,,,Cc1cc(C(=O)N2CCCO[C@@H](CNCC(=O)NC3CC3)C2)n(C)n1,-32.5
ZINC001115282185,109.42,,,,CN(C)S(=O)(=O)CCC(=O)N[C@@H]1[C@H]2CN(Cc3ccon3)C[C@H]21,-32.5
ZINC001105862991,76.06,,,,Cc1cc(C)nc(NC[C@@H](O)CNC(=O)[C@@H]2CCc3c[nH]nc3C2)n1,-32.5
ZINC001071984909,89.86,,,,C[C@@H]1CN(C(=O)Cc2cncnc2)C[C@H]1NC(=O)CCn1cccn1,-32.5
ZINC001067478391,104.25,,,,O=C(c1cccnn1)N1CCC(O)(CNc2cncc(Cl)n2)CC1,-32.5
ZINC001046685471,101.21,,,,Cc1nc[nH]c1C(=O)N1CC(O)(CNC(=O)CN2CC[C@H](C)C2)C1,-32.5
ZINC001043772717,116.08,,,,CN1CCCC[C@@H]1C(=O)NCC1(O)CN(C(=O)CCc2cn[nH]c2)C1,-32.5
ZINC001041828396,103.02,,,,CN1CC[C@@H](C(=O)N2CC[C@@]3(CCN(Cc4nnn(C)n4)C3)C2)C1,-32.5
ZINC001041431730,98.6,,,,O=C(CCn1ccnc1)N1CC(O)(CNC(=O)[C@H]2CC=CCC2)C1,-32.5
ZINC001020327691,102.31,,,,Cc1nc(CN[C@H]2C[C@H](NC(=O)Cn3ncn(C)c3=O)C2)cs1,-32.5
ZINC001016825715,106.52,,,,C[C@@]1(C(=O)N[C@H]2CC23CCN(CC(=O)NC2CC2)CC3)CCNC1=O,-32.5
ZINC001015510639,87.4,,,,O=C(N[C@H]1CCN(CCn2cc(Cl)cn2)C1)[C@H]1CCNC1=O,-32.5
ZINC000995125582,101.7,,,,CN1CC[C@H](C(=O)NC2CN(C(=O)Cc3ccc(F)cn3)C2)CC1=O,-27.5
ZINC000989806749,117.73,,,,CCn1ncnc1CN1CCCN(C(=O)C[C@H]2CC(=O)NC2=O)CC1,-27.5
ZINC000973057271,110.91,,,,COCCN1C[C@H](C(=O)N[C@H]2C[C@H](NC(=O)c3cn[nH]c3)C2)CC1=O,-27.5
ZINC000970553575,92.82,,,,COc1ccc(C(=O)N[C@@H]2CN(C(=O)C3(C)CCC3)C[C@@H]2O)nn1,-27.5
ZINC000941361883,110.68,,,,Cc1cc(NC(=O)C(=O)N2CC[C@@H](NC(=O)c3cncn3C)C2)no1,-27.5
ZINC000850493342,135.45,,,,CON(C)CCNC(=O)C(=O)Nc1ccc2c(c1)C(=O)N(C)C2=O,-27.5
ZINC000748395040,108.13,,,,CN(C(=O)CCn1cnc2c1c(=O)n(C)c(=O)n2C)c1cn[nH]c1,-27.5
ZINC000659691253,82.07,,,,CNC[C@H](C)NC(=O)C(=O)NCc1ccc(N2CCO[C@@H](C)C2)nc1,-27.5
ZINC000618647685,91.73,,,,CN(C)S(=O)(=O)N(C)CC(=O)N[C@@H]1COc2cc(F)ccc2C1,-27.5
ZINC000529344158,134.77,,,,O=C(NC[C@@H]1CNCCO1)N1CCN(S(=O)(=O)C2CC2)CC1,-27.5
ZINC000442921898,111.13,,,,CO[C@H](C)CS(=O)(=O)N1CCN(C(=O)C(=O)N2CCCC2)CC1,-27.5
ZINC000408001865,110.0,,,,O=C(c1cncc(N2CCOCC2)c1)N1CCN2C(=O)NC[C@@H]2C1,-27.5
ZINC001363211634,78.61,,,,O=C(NCC1CN(C(=O)[C@@H]2CCc3nnc(O)n3C2)C1)C(F)(F)F,-27.5
ZINC001350153389,93.33,,,,O=C(Nc1ccc2c(cc[nH]c2=O)c1)C(=O)N1C[C@H](O)[C@@H](CO)C1,-27.5
ZINC001341791776,221.74,,,,COc1cccc2c1OC[C@H](NC(=O)C(=O)N[C@@H]1CC(=O)N(C)C1)C2,-27.5
ZINC001119470858,106.79,,,,O=C(NCCN1CCNC1=O)C(=O)NC[C@H]1CCc2ccccc21,-27.5
ZINC001119173847,95.81,,,,CO[C@@H](CNC(=O)C(=O)N1C[C@@H]2C(=O)N(C)C(=O)[C@@H]2C1)CC(C)C,-27.5
ZINC001109958062,90.22,,,,O=C(CN1CCNC(=O)C1)N[C@H](CNc1cc(F)ncn1)C1CC1,-27.5
ZINC001074702922,108.99,,,,NC(=O)C(=O)N1CCC(O)(CNC(=O)[C@H]2CCCCC2(F)F)CC1,-27.5
ZINC001065434920,57.81,,,,Cn1cc(C(=O)N2CCO[C@@H](CNC(=O)C=C3CCC3)C2)ncc1=O,-27.5
ZINC001060201073,76.01,,,,O=C(NCC[C@@H]1CCN(C(=O)c2ccncn2)C1)c1c[nH]c(=O)cn1,-27.5
ZINC001058732454,93.63,,,,Cn1nnc2c1ncnc2N1C[C@H]2CC[C@@H](C1)N2C(=O)c1cc[nH]n1,-27.5
ZINC001058532763,95.28,,,,O=C(N[C@H]1CCN(c2cc(Cl)c(O)nn2)C1)c1c[nH]c(=O)cn1,-27.5
ZINC001051633080,131.87,,,,O=C(Cn1cnnn1)N[C@H]1CCN(c2ncnc3c2CCC3)C[C@H]1O,-27.5
ZINC001046261579,114.12,,,,CCC[C@@H]1C[C@H]1C(=O)NCC1(O)CN(C(=O)C2CN(C(C)=O)C2)C1,-27.5
ZINC000998978244,98.3,,,,Cc1cnoc1C(=O)NC1CN(C(=O)[C@@H]2CCN(C)S2(=O)=O)C1,-22.5
ZINC000981250423,97.2,,,,Cn1nncc1C(=O)NC[C@H]1CC[C@@H](NC(=O)c2cnns2)C1,-22.5
ZINC000968717635,94.59,,,,CCc1c(C(=O)N[C@@H]2CN(C(=O)c3n[nH]cc3C)C[C@@H]2O)cnn1C,-22.5
ZINC000965338365,99.13,,,,O=C([C@H]1CCOC1)N1CCOC2(CN(C(=O)[C@@]3(F)CCOC3)C2)C1,-22.5
ZINC000961583379,91.06,,,,Cc1c(C(=O)N[C@@H]2CN(C(=O)C3=COCCC3)C[C@@H]2O)cnn1C,-22.5
ZINC000955144887,96.9,,,,CN(C(=O)c1c[nH]c(=O)cn1)C1CN(C(=O)c2n[nH]c3c2CCC3)C1,-22.5
ZINC000942457739,89.44,,,,Cn1nc(C(=O)N[C@@H]2CCN(C(=O)Cc3cscn3)C2)ccc1=O,-22.5
ZINC000938242679,107.14,,,,Cc1nc(C)c(CC(=O)N2CC[C@H](NC(=O)c3cnn[nH]3)C2)c(O)n1,-22.5
ZINC000907721339,118.67,,,,CS(=O)(=O)N1CC(C(=O)N2CC(=O)N(CC(F)(F)F)C2)C1,-22.5
ZINC000625246444,105.23,,,,COCC(COC)N1CCN(S(=O)(=O)c2cnc(C)n2C)CC1,-22.5
ZINC000407973885,120.38,,,,O=C(NC1CC1)C(=O)N1CCN(S(=O)(=O)C[C@@H]2CCCO2)CC1,-22.5
ZINC000345525893,90.8,,,,C[C@@H]1OCC[C@]1(C)NC(=O)CCc1nc2c([nH]1)n(C)c(=O)nc2O,-22.5
ZINC001413380655,117.92,,,,CC(=O)N[C@@H]1CCN(S(=O)(=O)c2cnn([C@@H]3CCOC3)c2)C1,-22.5
ZINC001363999416,104.46,,,,O=S(=O)(N[C@@H]1CCc2nnnn2CC1)c1cnc2n1CCCC2,-22.5
ZINC001326422624,99.17,,,,COC(=O)[C@@H]1C[C@H](O)CN(C(=O)C(=O)N[C@H](C)C2CCOCC2)C1,-22.5
ZINC001261948364,90.77,,,,CN1C(=O)[C@H]2CN(C(=O)C(=O)NC3CCC(F)(F)CC3)C[C@H]2C1=O,-22.5
ZINC001193095852,112.18,,,,CCOCCNC(=O)CN1C[C@@H](O)[C@H](NC(=O)[C@]23C[C@H]2COC3)C1,-22.5
ZINC001125309519,88.01,,,,CN(C[C@@H](O)CN(C)c1ncc(F)cn1)C(=O)CCc1cnn[nH]1,-22.5
ZINC001063398490,145.89,,,,CN(C)C(=O)c1cncc(N[C@H]2CC[C@H](NC(=O)C(N)=O)CC2)n1,-22.5
ZINC001047126822,107.22,,,,CC(C)n1cc(C(=O)N2CC(O)(CNC(=O)c3ccnnc3)C2)nn1,-22.5
ZINC001046939982,110.48,,,,NC(=O)[C@@H]1CCC[C@@H](C(=O)NCC2(O)CN(C(=O)C3CCC3)C2)C1,-22.5
ZINC001046914841,103.67,,,,C[C@H](C(=O)NCC1(O)CN(C(=O)Cn2ncnn2)C1)C1CCCC1,-22.5
ZINC001043817104,88.54,,,,CN(C)c1ccc(C(=O)N2CC(O)(CNC(=O)c3cnn[nH]3)C2)nc1,-22.5
ZINC001043696212,84.54,,,,CNC(=O)NCC(=O)N1CC(O)(CNC(=O)c2ccc(F)s2)C1,-22.5
ZINC001042722400,125.2,,,,Cn1nc(C(=O)N2CC(O)(CNC(=O)C3=CCOCC3)C2)ccc1=O,-22.5
ZINC001040614201,117.26,,,,COCCC(=O)N1CC[C@@](O)(CNC(=O)[C@@H]2CCN(C)C2=O)C1,-22.5
ZINC001025444165,95.65,,,,Cn1nccc1C(=O)N1C[C@@H](O)[C@H](NC(=O)c2c[nH]nc2C2CC2)C1,-22.5
ZINC001003297636,72.28,,,,O=C(Cn1cnnn1)N1CC(CNC(=O)C23CCCN2CCC3)C1,-22.5
ZINC001196519317,1.2%,1.1%,8.6,7.9,CC(C)CCO[C@@H]1CCN(C[C@H]2CC3(CO2)CCCCC3)C1,-56.30
ZINC000483826940,22.5%,NT,NT,NT,C[C@H](NC[C@H](CO)Cc1c(F)cccc1Cl)c1ccco1,-55.48
ZINC000662345330,42.3%,NT,NT,NT,CN(CC(=O)Nc1c(Cl)cccc1Cl)C[C@@H]1CC1(C)C,-55.86
ZINC000352856249,43.0%,NT,NT,NT,N#Cc1ccc(N2CCN(C[C@H](O)CC3CCCC3)CC2)c(F)c1,-56.65
ZINC000296435291,106.5%,NT,NT,NT,CS[C@H]1CCN([C@H](C)c2nc(-c3ccccc3C)no2)C1,-55.25
ZINC000129576345,14.2%,24.2%,NT,NT,COc1ccccc1O[C@H](C)CN[C@@H](C)c1ccccc1OC,-32.64
ZINC001087646081,99.4%,8.8%,NT,NT,CC[C@@H]1[C@@H](NC(=O)Cc2ccc(C)cc2)CCN1C[C@@H]1CCOC1,-27.94
ZINC000662800454,105.6%,86.9%,NT,NT,COc1cc(NC(=O)CC2(N)CC2)cc(OC)c1Br,-32.45
ZINC000261774189,108.3%,53.9%,NT,NT,C=CCOCC(=O)N(CCN)CCc1ccccc1,-23.44
ZINC000543048256,109.0%,59.2%,NT,NT,COc1cccc2ncnc(N3CCN(CC4CCOCC4)CC3)c21,-37.34
ZINC001655120594,112.4%,66.8%,NT,NT,C[C@H](OCCCNC(=O)CN1C[C@@H](C)OCC[C@H]1C)c1ccccc1,-36.27